{
  "configDescription": "A dataset consisting of reviews of Amazon Personal_Care_Appliances_v1_00 products in US marketplace. Each product has its own version as specified with it.",
  "configName": "Personal_Care_Appliances_v1_00",
  "description": "Amazon Customer Reviews (a.k.a. Product Reviews) is one of Amazons iconic products. In a period of over two decades since the first review in 1995, millions of Amazon customers have contributed over a hundred million reviews to express opinions and describe their experiences regarding products on the Amazon.com website. This makes Amazon Customer Reviews a rich source of information for academic researchers in the fields of Natural Language Processing (NLP), Information Retrieval (IR), and Machine Learning (ML), amongst others. Accordingly, we are releasing this data to further research in multiple disciplines related to understanding customer product experiences. Specifically, this dataset was constructed to represent a sample of customer evaluations and opinions, variation in the perception of a product across geographical regions, and promotional intent or bias in reviews.\n\nOver 130+ million customer reviews are available to researchers as part of this release. The data is available in TSV files in the amazon-reviews-pds S3 bucket in AWS US East Region. Each line in the data files corresponds to an individual review (tab delimited, with no quote and escape characters).\n\nEach Dataset contains the following columns : \n  marketplace       - 2 letter country code of the marketplace where the review was written.\n  customer_id       - Random identifier that can be used to aggregate reviews written by a single author.\n  review_id         - The unique ID of the review.\n  product_id        - The unique Product ID the review pertains to. In the multilingual dataset the reviews\n                      for the same product in different countries can be grouped by the same product_id.\n  product_parent    - Random identifier that can be used to aggregate reviews for the same product.\n  product_title     - Title of the product.\n  product_category  - Broad product category that can be used to group reviews \n                      (also used to group the dataset into coherent parts).\n  star_rating       - The 1-5 star rating of the review.\n  helpful_votes     - Number of helpful votes.\n  total_votes       - Number of total votes the review received.\n  vine              - Review was written as part of the Vine program.\n  verified_purchase - The review is on a verified purchase.\n  review_headline   - The title of the review.\n  review_body       - The review text.\n  review_date       - The date the review was written.",
  "downloadSize": "17634794",
  "fileFormat": "tfrecord",
  "location": {
    "urls": [
      "https://s3.amazonaws.com/amazon-reviews-pds/readme.html"
    ]
  },
  "moduleName": "tensorflow_datasets.structured.amazon_us_reviews",
  "name": "amazon_us_reviews",
  "splits": [
    {
      "filepathTemplate": "{DATASET}-{SPLIT}.{FILEFORMAT}-{SHARD_X_OF_Y}",
      "name": "train",
      "numBytes": "78676260",
      "shardLengths": [
        "85981"
      ]
    }
  ],
  "version": "0.1.0"
}