{
    "pythonClassName": "tensorflow_datasets.core.features.features_dict.FeaturesDict",
    "featuresDict": {
        "features": {
            "data": {
                "pythonClassName": "tensorflow_datasets.core.features.features_dict.FeaturesDict",
                "featuresDict": {
                    "features": {
                        "marketplace": {
                            "pythonClassName": "tensorflow_datasets.core.features.tensor_feature.Tensor",
                            "tensor": {
                                "shape": {},
                                "dtype": "string",
                                "encoding": "none"
                            }
                        },
                        "customer_id": {
                            "pythonClassName": "tensorflow_datasets.core.features.tensor_feature.Tensor",
                            "tensor": {
                                "shape": {},
                                "dtype": "string",
                                "encoding": "none"
                            }
                        },
                        "star_rating": {
                            "pythonClassName": "tensorflow_datasets.core.features.tensor_feature.Tensor",
                            "tensor": {
                                "shape": {},
                                "dtype": "int32",
                                "encoding": "none"
                            }
                        },
                        "product_category": {
                            "pythonClassName": "tensorflow_datasets.core.features.tensor_feature.Tensor",
                            "tensor": {
                                "shape": {},
                                "dtype": "string",
                                "encoding": "none"
                            }
                        },
                        "vine": {
                            "pythonClassName": "tensorflow_datasets.core.features.class_label_feature.ClassLabel",
                            "classLabel": {
                                "numClasses": "2"
                            }
                        },
                        "product_id": {
                            "pythonClassName": "tensorflow_datasets.core.features.tensor_feature.Tensor",
                            "tensor": {
                                "shape": {},
                                "dtype": "string",
                                "encoding": "none"
                            }
                        },
                        "total_votes": {
                            "pythonClassName": "tensorflow_datasets.core.features.tensor_feature.Tensor",
                            "tensor": {
                                "shape": {},
                                "dtype": "int32",
                                "encoding": "none"
                            }
                        },
                        "review_date": {
                            "pythonClassName": "tensorflow_datasets.core.features.tensor_feature.Tensor",
                            "tensor": {
                                "shape": {},
                                "dtype": "string",
                                "encoding": "none"
                            }
                        },
                        "product_parent": {
                            "pythonClassName": "tensorflow_datasets.core.features.tensor_feature.Tensor",
                            "tensor": {
                                "shape": {},
                                "dtype": "string",
                                "encoding": "none"
                            }
                        },
                        "review_id": {
                            "pythonClassName": "tensorflow_datasets.core.features.tensor_feature.Tensor",
                            "tensor": {
                                "shape": {},
                                "dtype": "string",
                                "encoding": "none"
                            }
                        },
                        "product_title": {
                            "pythonClassName": "tensorflow_datasets.core.features.tensor_feature.Tensor",
                            "tensor": {
                                "shape": {},
                                "dtype": "string",
                                "encoding": "none"
                            }
                        },
                        "review_body": {
                            "pythonClassName": "tensorflow_datasets.core.features.tensor_feature.Tensor",
                            "tensor": {
                                "shape": {},
                                "dtype": "string",
                                "encoding": "none"
                            }
                        },
                        "verified_purchase": {
                            "pythonClassName": "tensorflow_datasets.core.features.class_label_feature.ClassLabel",
                            "classLabel": {
                                "numClasses": "2"
                            }
                        },
                        "helpful_votes": {
                            "pythonClassName": "tensorflow_datasets.core.features.tensor_feature.Tensor",
                            "tensor": {
                                "shape": {},
                                "dtype": "int32",
                                "encoding": "none"
                            }
                        },
                        "review_headline": {
                            "pythonClassName": "tensorflow_datasets.core.features.tensor_feature.Tensor",
                            "tensor": {
                                "shape": {},
                                "dtype": "string",
                                "encoding": "none"
                            }
                        }
                    }
                }
            }
        }
    }
}